title,url,count,privacy
1,https://www.youtube.com/playlist?list=PLPkp_etgraR5UA72G0TOlzFULh6qogZbl,63,unknown
1080p,https://www.youtube.com/playlist?list=PLPkp_etgraR7Dhl-oa6XJPYv_5VjjVdwM,382,unknown
4K Central Asia,https://www.youtube.com/playlist?list=PLPkp_etgraR4TWj47OOU3D9C0LsUgtei0,7,unknown
4K Islam History & Ottoman,https://www.youtube.com/playlist?list=PLPkp_etgraR4fvh9u0D-V07vr675tGYdr,49,unknown
4K Italy,https://www.youtube.com/playlist?list=PLPkp_etgraR5gawt5fXsgX_yhZGgEyJSZ,31,unknown
4K Switzerland,https://www.youtube.com/playlist?list=PLPkp_etgraR6b_fQupR9Oka0C2ItJWJXH,44,unknown
__ 8K Music Remastered,https://www.youtube.com/playlist?list=PLPkp_etgraR5DC2kvwqlX4fguCfJLWmP2,174,unknown
__ Music - From OLJA,https://www.youtube.com/playlist?list=PLPkp_etgraR6RI6TaE4kN7ouGDL8Ew8Sh,22,unknown
__ Music From TheHolydiver20,https://www.youtube.com/playlist?list=PLPkp_etgraR55IcPtMwFR7FA7m4xCaS6P,315,unknown
__ Songs Karaoke Lyric,https://www.youtube.com/playlist?list=PLPkp_etgraR6wgrwmMOoLeofU-qtbNTSh,289,unknown
__1 Left or Right ?,https://www.youtube.com/playlist?list=PLPkp_etgraR4-CeaNWajBzV0YQOEnSpqr,83,unknown
"__2 AI, ChatGPT",https://www.youtube.com/playlist?list=PLPkp_etgraR4sET4JnGM4g0r9LR_p1opT,70,unknown
"__2 Ethical Hacking, Pen Testing, Fuzzing",https://www.youtube.com/playlist?list=PLPkp_etgraR4Acr7c1YnFwzH1t30R88Ym,12,unknown
__2 python -- freeCodeCamp,https://www.youtube.com/playlist?list=PLPkp_etgraR4KFzLNfI5L5rox6LKGTqvv,575,unknown
__2 ZAP,https://www.youtube.com/playlist?list=PLPkp_etgraR6bbw7gZXDGs1rUcDm7dkIV,7,unknown
__4  TheCottageFairy (select),https://www.youtube.com/playlist?list=PLPkp_etgraR5WEG9ava-uqcp2MskUeLP6,7,unknown
__4 Engineering a better world,https://www.youtube.com/playlist?list=PLPkp_etgraR4noJFxr_surCdkjnDOv1IH,111,unknown
__4 Inspiring Homes & Architecture,https://www.youtube.com/playlist?list=PLPkp_etgraR6NiFz4gbQbJqpe-79pGapT,1,unknown
__8 Jitendra Abhisheki,https://www.youtube.com/playlist?list=PLPkp_etgraR5G6rDomNnUkY7tdup-q62c,22,unknown
__9 Turkic History,https://www.youtube.com/playlist?list=PLPkp_etgraR7FLBKUhwijY5LJGcAmvEJD,53,unknown
_sr_st,https://www.youtube.com/playlist?list=PLPkp_etgraR6tussphMiecZ1GrCEnz4tm,288,unknown
_vs T,https://www.youtube.com/playlist?list=PLPkp_etgraR7hIuDKNlKq8S-nBtSpNj9y,19,unknown
BW dance - choreography,https://www.youtube.com/playlist?list=PLPkp_etgraR4xp-XR3dc4Cj8tomYydp1v,39,unknown
ByteByteGo - liked,https://www.youtube.com/playlist?list=PLPkp_etgraR6kiXQ6Uyj6-psOQwFPIiah,36,unknown
Christmas Music,https://www.youtube.com/playlist?list=PLPkp_etgraR7hZmsyfcri90SKobG9bh-m,5,unknown
cooking,https://www.youtube.com/playlist?list=PLPkp_etgraR51zIVLPTv3owk-or1XACmE,83,unknown
Electronics - Circuits,https://www.youtube.com/playlist?list=PLPkp_etgraR4fb3MTDMd8Df_IqW5UUv5B,19,unknown
French Villages,https://www.youtube.com/playlist?list=PLPkp_etgraR6VRKVs_h_apTMKXOFimQHR,4,unknown
Fuzzing,https://www.youtube.com/playlist?list=PLPkp_etgraR6qIIv4lpLZwHjscD5RTGAP,29,unknown
Ghazals,https://www.youtube.com/playlist?list=PLPkp_etgraR5XGolO28-CRHkwldFdP8z3,38,unknown
Guitar - live performances,https://www.youtube.com/playlist?list=PLPkp_etgraR7S_QCSMd02kF6eO0qJ8zSC,23,unknown
Guitar ðŸŽ¸,https://www.youtube.com/playlist?list=PLPkp_etgraR5XCj1hdMpnA7_fliPNmL4i,48,unknown
Habit Yoga,https://www.youtube.com/playlist?list=PLPkp_etgraR4ynOu9U1Eg-rEPlsxhHXOh,55,unknown
k0s -- Helm,https://www.youtube.com/playlist?list=PLPkp_etgraR7fKzrsNLMDu9_LKkE0hz_P,1,unknown
lk 1080p,https://www.youtube.com/playlist?list=PLPkp_etgraR5b-y996634ph9swaTCPbdJ,109,unknown
lk 4K,https://www.youtube.com/playlist?list=PLPkp_etgraR4jFqDQ7LXxBNJ4g84PVEkY,404,unknown
Math Explined,https://www.youtube.com/playlist?list=PLPkp_etgraR4jD8LR_DlQgLwkhSrZVnKE,27,unknown
mv,https://www.youtube.com/playlist?list=PLPkp_etgraR5wT_tKTGnfBq8FqEbhdjIK,117,unknown
pAI,https://www.youtube.com/playlist?list=PLPkp_etgraR77nSRcEJ6HVMNYG95zXJrx,2,unknown
Ram Katha,https://www.youtube.com/playlist?list=PLPkp_etgraR4cTyOpAsvHIBSFGpX91N_z,47,unknown
Reels,https://www.youtube.com/playlist?list=PLPkp_etgraR5R_5IxHPB4bt94h0BHFzGN,506,unknown
RG,https://www.youtube.com/playlist?list=PLPkp_etgraR5xJVHnE7FUzCLCZ41_qs-1,207,unknown
Rumi,https://www.youtube.com/playlist?list=PLPkp_etgraR6EeY5eBNQ0c6JwRpVCeero,2,unknown
Shuffle dance,https://www.youtube.com/playlist?list=PLPkp_etgraR46ZQuM2WrsgfT3oSmkgR36,14,unknown
T JP,https://www.youtube.com/playlist?list=PLPkp_etgraR6EKQ6-dThL6zbrtQuzK214,237,unknown
TLS1.3,https://www.youtube.com/playlist?list=PLPkp_etgraR5wE9kec7-Mt6AL-lDxp_m3,12,unknown
Train - Travel,https://www.youtube.com/playlist?list=PLPkp_etgraR41_8gID_WnPG8xAmjOasEo,28,unknown
Turkish Dramas 2024 - 1â€™st Episodes - by date published,https://www.youtube.com/playlist?list=PLPkp_etgraR7lcoSHJFwovQ_E-dMdWkme,62,unknown
Urdu Gazal - Shayari - with meanings,https://www.youtube.com/playlist?list=PLPkp_etgraR6Ukn4nGXU07_qYH283NVqn,15,unknown
Watched and liked dramas,https://www.youtube.com/playlist?list=PLPkp_etgraR7hGdKjovKhIDSf8sz4ag97,18,unknown
